<?xml version="1.0" encoding="UTF-8"?><oval_definitions xmlns="http://oval.mitre.org/XMLSchema/oval-definitions-5" xmlns:oval="http://oval.mitre.org/XMLSchema/oval-common-5" xmlns:oval-def="http://oval.mitre.org/XMLSchema/oval-definitions-5" xmlns:ind-def="http://oval.mitre.org/XMLSchema/oval-definitions-5#independent" xmlns:win-def="http://oval.mitre.org/XMLSchema/oval-definitions-5#windows" xmlns:xsi="http://www.w3.org/2001/XMLSchema-instance" xsi:schemaLocation="http://oval.mitre.org/XMLSchema/oval-common-5 http://oval.mitre.org/language/download/schema/version5.3/ovaldefinition/complete/oval-common-schema.xsd     http://oval.mitre.org/XMLSchema/oval-definitions-5 http://oval.mitre.org/language/download/schema/version5.3/ovaldefinition/complete/oval-definitions-schema.xsd     http://oval.mitre.org/XMLSchema/oval-definitions-5#windows http://oval.mitre.org/language/download/schema/version5.3/ovaldefinition/complete/windows-definitions-schema.xsd     http://oval.mitre.org/XMLSchema/oval-definitions-5#independent http://oval.mitre.org/language/download/schema/version5.3/ovaldefinition/complete/independent-definitions-schema.xsd">
	<generator>
		<oval:product_name>Rapid7 Nexpose</oval:product_name>
		<oval:schema_version>5.10</oval:schema_version>
		<oval:timestamp>2014-05-06T08:11:15.564-06:00</oval:timestamp>
	</generator>
	<!-- ==================================================================================================== -->
	<!-- ===========================================  DEFINITIONS  =========================================== -->
	<!-- ==================================================================================================== -->
	<definitions>
		<definition id="oval:rapid7-password-example:def:1" version="2" class="compliance">
			<metadata>
				<title>Minimum password length test</title>
				<description>Minimum password length test</description>
			</metadata>
			<criteria>
				<criterion comment="Ensure passwords are a minimum of 14 characters long" test_ref="oval:rapid7-password-example:tst:1"/>
			</criteria>
		</definition>
	</definitions>
	<!-- ==================================================================================================== -->
	<!-- =============================================  TESTS  ============================================== -->
	<!-- ==================================================================================================== -->
	<tests>
		<passwordpolicy_test xmlns="http://oval.mitre.org/XMLSchema/oval-definitions-5#windows" check="all" check_existence="at_least_one_exists" comment="Set 'Minimum password length' to '14 or more character(s)'" id="oval:rapid7-password-example:tst:1" version="1">
    		<object object_ref="oval:rapid7-password-example:obj:1"/>
   			<state state_ref="oval:rapid7-password-example:ste:1"/>
   		</passwordpolicy_test>
	</tests>
	<!-- ==================================================================================================== -->
	<!-- ============================================  OBJECTS  ============================================= -->
	<!-- ==================================================================================================== -->
	<objects>
	      <passwordpolicy_object xmlns="http://oval.mitre.org/XMLSchema/oval-definitions-5#windows" id="oval:rapid7-password-example:obj:1" version="1"/>
	</objects>
	<!-- ==================================================================================================== -->
	<!-- =============================================  STATES  ============================================= -->
	<!-- ==================================================================================================== -->
	<states>
		 <passwordpolicy_state xmlns="http://oval.mitre.org/XMLSchema/oval-definitions-5#windows"  id="oval:rapid7-password-example:ste:1" version="1">
    		<min_passwd_len datatype="int" operation="greater than or equal">14</min_passwd_len>
		</passwordpolicy_state>
	</states>
</oval_definitions>
