<?xml version="1.0" encoding="UTF-8"?><oval_definitions xmlns="http://oval.mitre.org/XMLSchema/oval-definitions-5" xmlns:oval="http://oval.mitre.org/XMLSchema/oval-common-5" xmlns:oval-def="http://oval.mitre.org/XMLSchema/oval-definitions-5" xmlns:ind-def="http://oval.mitre.org/XMLSchema/oval-definitions-5#independent" xmlns:win-def="http://oval.mitre.org/XMLSchema/oval-definitions-5#windows" xmlns:xsi="http://www.w3.org/2001/XMLSchema-instance" xsi:schemaLocation="http://oval.mitre.org/XMLSchema/oval-common-5 http://oval.mitre.org/language/download/schema/version5.3/ovaldefinition/complete/oval-common-schema.xsd     http://oval.mitre.org/XMLSchema/oval-definitions-5 http://oval.mitre.org/language/download/schema/version5.3/ovaldefinition/complete/oval-definitions-schema.xsd     http://oval.mitre.org/XMLSchema/oval-definitions-5#windows http://oval.mitre.org/language/download/schema/version5.3/ovaldefinition/complete/windows-definitions-schema.xsd     http://oval.mitre.org/XMLSchema/oval-definitions-5#independent http://oval.mitre.org/language/download/schema/version5.3/ovaldefinition/complete/independent-definitions-schema.xsd">
	<generator>
		<oval:product_name>Rapid7 Nexpose</oval:product_name>
		<oval:schema_version>5.10</oval:schema_version>
		<oval:timestamp>2014-05-06T08:11:15.564-06:00</oval:timestamp>
	</generator>
	<!-- ==================================================================================================== -->
	<!-- ===========================================  DEFINITIONS  =========================================== -->
	<!-- ==================================================================================================== -->
	<definitions>
		<definition id="oval:rapid7-textcontent-example:def:1" version="2" class="compliance">
			<metadata>
				<title>Text file contents test</title>
				<description>Text file contents test</description>
			</metadata>
			<criteria>
				<criterion comment="Verify telnet is disabled" test_ref="oval:rapid7-textcontent-example:tst:1"/>
			</criteria>
		</definition>
	</definitions>
	<!-- ==================================================================================================== -->
	<!-- =============================================  TESTS  ============================================== -->
	<!-- ==================================================================================================== -->
	<tests>
	 <textfilecontent54_test xmlns="http://oval.mitre.org/XMLSchema/oval-definitions-5#independent" comment="Verify telnet is disabled" id="oval:rapid7-textcontent-example:tst:1" version="1" check="all" check_existence="any_exist">
      <object object_ref="oval:rapid7-textcontent-example:obj:1" />
      <state state_ref="oval:rapid7-textcontent-example:ste:1" />
    </textfilecontent54_test>
	</tests>
	<!-- ==================================================================================================== -->
	<!-- ============================================  OBJECTS  ============================================= -->
	<!-- ==================================================================================================== -->
	<objects>
	 <textfilecontent54_object xmlns="http://oval.mitre.org/XMLSchema/oval-definitions-5#independent" version="1" id="oval:rapid7-textcontent-example:obj:1" comment="Object holds the telnet service info">
      <path>/etc/xinetd.d</path>
      <filename>telnet</filename>
      <pattern operation="pattern match">^\s*disable\s*=\s*(yes|no).*$</pattern>
      <instance datatype="int">1</instance>
    </textfilecontent54_object>
	</objects>
	<!-- ==================================================================================================== -->
	<!-- =============================================  STATES  ============================================= -->
	<!-- ==================================================================================================== -->
	<states>
	 <textfilecontent54_state xmlns="http://oval.mitre.org/XMLSchema/oval-definitions-5#independent" id="oval:rapid7-textcontent-example:ste:1" version="1" comment="service is enabled (no) or disabled (yes)">
      <subexpression datatype="string" operation="equals">yes</subexpression>
    </textfilecontent54_state>
	</states>
</oval_definitions>
